[
  {
    "id": "38dc6b0c-9018-487b-a75f-708c6fd57a16",
    "data": [
      {
        "text": "adios",
        "meta": "@salida",
        "alias": "salida",
        "userDefined": true
      }
    ],
    "isTemplate": false,
    "count": 0,
    "lang": "es",
    "updated": 0
  },
  {
    "id": "e16c8f74-61c3-4ebe-90ef-3513156c334f",
    "data": [
      {
        "text": "salida",
        "meta": "@sys.location",
        "alias": "location",
        "userDefined": false
      }
    ],
    "isTemplate": false,
    "count": 0,
    "lang": "es",
    "updated": 0
  },
  {
    "id": "f26901c1-aed2-47af-a225-ec2e8ca94d93",
    "data": [
      {
        "text": "salir",
        "meta": "@sys.geo-city",
        "alias": "geo-city",
        "userDefined": false
      }
    ],
    "isTemplate": false,
    "count": 0,
    "lang": "es",
    "updated": 0
  },
  {
    "id": "3d0b1d63-99b9-4aa9-a3a8-6bf56fef74a9",
    "data": [
      {
        "text": "bye",
        "userDefined": false
      }
    ],
    "isTemplate": false,
    "count": 0,
    "lang": "es",
    "updated": 0
  },
  {
    "id": "7495d388-e2ae-4a89-a4ba-bb47d6d329d7",
    "data": [
      {
        "text": "chao",
        "meta": "@sys.location",
        "alias": "location",
        "userDefined": false
      }
    ],
    "isTemplate": false,
    "count": 0,
    "lang": "es",
    "updated": 0
  },
  {
    "id": "74be2977-e08c-4e74-9ff5-6bd67f3436d6",
    "data": [
      {
        "text": "no quiero",
        "meta": "@sys.music-artist",
        "alias": "music-artist",
        "userDefined": false
      }
    ],
    "isTemplate": false,
    "count": 0,
    "lang": "es",
    "updated": 0
  },
  {
    "id": "7a8b4794-3349-41a3-85f0-297953c3e008",
    "data": [
      {
        "text": "no",
        "userDefined": false
      }
    ],
    "isTemplate": false,
    "count": 0,
    "lang": "es",
    "updated": 0
  }
]